{
  "urls": [
    "../sleep/sleep.ogg",
    "../sleep/sleep.m4a",
    "../sleep/sleep.mp3",
    "../sleep/sleep.ac3"
  ],
  "sprite": {
    "Didn_t": [
      0,
      388.5260770975057
    ],
    "I": [
      2000,
      465.75963718820867
    ],
    "Sleep": [
      4000,
      247.14285714285734
    ],
    "Sorry": [
      6000,
      955.2834467120182
    ],
    "Well": [
      8000,
      1002.8117913832198
    ]
  }
}